frame,t_sec,x_px,y_px,radius_px,found
0,0.0,1518.081787109375,310.85162353515625,48.88340377807617,1
1,0.02,1483.5,267.5,3.5356338024139404,1
2,0.04,1498.1365966796875,221.1967315673828,48.84457015991211,1
3,0.06,1490.5,181.5,48.70841598510742,1
4,0.08,1473.5,163.0,3.9052248001098633,1
5,0.1,1470.7491455078125,125.35684204101562,49.402069091796875,1
6,0.12,1462.2288818359375,103.58450317382812,49.63887023925781,1
7,0.14,1452.5997314453125,89.07974243164062,49.82510757446289,1
8,0.16,1441.680908203125,80.4007797241211,49.66759490966797,1
9,0.18,1431.931640625,76.58309173583984,49.35823440551758,1
10,0.2,1421.5,78.41802978515625,49.041385650634766,1
11,0.22,1411.508056640625,86.11149597167969,48.76068878173828,1
12,0.24,1400.24072265625,99.87036895751953,48.82176971435547,1
13,0.26,1391.6207275390625,118.1850357055664,49.66801452636719,1
14,0.28,1380.4002685546875,144.1390380859375,49.13161087036133,1
15,0.3,1370.336669921875,176.19967651367188,49.444068908691406,1
16,0.32,1361.3388671875,211.5413360595703,48.96539306640625,1
17,0.34,1351.42578125,254.9390106201172,49.90801239013672,1
18,0.36,1340.4346923828125,302.5073547363281,50.47594451904297,1
19,0.38,1327.3072509765625,358.5,49.59541320800781,1
20,0.4,1313.444091796875,414.4670104980469,48.19243621826172,1
21,0.42,1294.5,475.5,49.015403747558594,1
22,0.44,1277.5,588.0,4.717090606689453,1
23,0.46,1270.0,615.5,49.86241149902344,1
24,0.48,1261.0137939453125,694.1679077148438,50.90911102294922,1
25,0.5,1247.4984130859375,777.3697509765625,49.218482971191406,1
26,0.52,1234.1871337890625,867.2340698242188,47.455875396728516,1
27,0.54,1255.5,947.5,3.5356338024139404,1
28,0.56,1235.5,914.0,3.9052248001098633,1
29,0.58,1195.052734375,866.8801879882812,46.61811447143555,1
30,0.6,nan,nan,nan,0
31,0.62,nan,nan,nan,0
32,0.64,nan,nan,nan,0
33,0.66,nan,nan,nan,0
34,0.68,nan,nan,nan,0
35,0.7,nan,nan,nan,0
36,0.72,nan,nan,nan,0
37,0.74,nan,nan,nan,0
38,0.76,nan,nan,nan,0
39,0.78,nan,nan,nan,0
40,0.8,nan,nan,nan,0
41,0.82,nan,nan,nan,0
42,0.84,nan,nan,nan,0
43,0.86,nan,nan,nan,0
44,0.88,nan,nan,nan,0
45,0.9,nan,nan,nan,0
46,0.92,nan,nan,nan,0
47,0.94,nan,nan,nan,0
48,0.96,nan,nan,nan,0
49,0.98,nan,nan,nan,0
50,1.0,nan,nan,nan,0
51,1.02,nan,nan,nan,0
52,1.04,nan,nan,nan,0
53,1.06,nan,nan,nan,0
54,1.08,nan,nan,nan,0
55,1.1,nan,nan,nan,0
56,1.12,nan,nan,nan,0
57,1.14,nan,nan,nan,0
58,1.16,nan,nan,nan,0
59,1.18,nan,nan,nan,0
60,1.2,nan,nan,nan,0
61,1.22,nan,nan,nan,0
62,1.24,nan,nan,nan,0
63,1.26,nan,nan,nan,0
64,1.28,nan,nan,nan,0
65,1.3,nan,nan,nan,0
66,1.32,nan,nan,nan,0
67,1.34,nan,nan,nan,0
68,1.36,nan,nan,nan,0
69,1.38,nan,nan,nan,0
70,1.4,nan,nan,nan,0
71,1.42,nan,nan,nan,0
72,1.44,nan,nan,nan,0
73,1.46,nan,nan,nan,0
74,1.48,nan,nan,nan,0
