frame,t_sec,x_m,y_m,found
0,0.0,0.0,-0.0,1
1,0.02,-0.010348759860036647,0.0436565880330164,1
2,0.04,-0.019723883223674604,0.0836646066792195,1
3,0.06,-0.030316407062035235,0.12258698013680892,1
4,0.08,-0.04056927278639622,0.15553690651390387,1
5,0.1,-0.050145160145882786,0.18628055806200994,1
6,0.12,-0.06019129197391557,0.21298346368410498,1
7,0.14,-0.07069593720731439,0.23735426734402598,1
8,0.16,-0.08089824664159996,0.25718097479763924,1
9,0.18,-0.09160701654908941,0.274367399832153,1
10,0.2,-0.10046119303766043,0.28921232970443744,1
11,0.22,-0.11087499558963555,0.29776932621703667,1
12,0.24,-0.1205192236979689,0.3048038311171171,1
13,0.26,-0.13103067378296335,0.30801820504981864,1
14,0.28,-0.1398484464028756,0.30695746227824044,1
15,0.3,-0.1500048335257797,0.3023169709655875,1
16,0.32,-0.15979916497099675,0.2942327655224384,1
17,0.34,-0.16954116585501683,0.2826904430420416,1
18,0.36,-0.17908382216008553,0.26581224021200905,1
19,0.38,-0.18811183547101332,0.2457170959745932,1
20,0.4,-0.19814166487850568,0.22190140956416254,1
21,0.42,-0.20749019504909819,0.19465929251133748,1
22,0.44,-0.21650470302572422,0.16298037047061414,1
23,0.46,-0.22551935711879556,0.12799650317487826,1
24,0.48,-0.23456861993562622,0.08888447057128337,1
25,0.5,-0.24352904395371164,0.04653938200376585,1
26,0.52,nan,nan,0
27,0.54,nan,nan,0
28,0.56,nan,nan,0
29,0.58,nan,nan,0
30,0.6,nan,nan,0
31,0.62,nan,nan,0
32,0.64,nan,nan,0
33,0.66,nan,nan,0
34,0.68,nan,nan,0
35,0.7,nan,nan,0
36,0.72,nan,nan,0
37,0.74,nan,nan,0
38,0.76,nan,nan,0
39,0.78,nan,nan,0
40,0.8,nan,nan,0
41,0.82,nan,nan,0
42,0.84,nan,nan,0
43,0.86,nan,nan,0
44,0.88,nan,nan,0
45,0.9,nan,nan,0
46,0.92,nan,nan,0
47,0.94,nan,nan,0
48,0.96,nan,nan,0
49,0.98,nan,nan,0
50,1.0,nan,nan,0
51,1.02,nan,nan,0
52,1.04,nan,nan,0
53,1.06,nan,nan,0
54,1.08,nan,nan,0
55,1.1,nan,nan,0
56,1.12,nan,nan,0
57,1.14,nan,nan,0
58,1.16,nan,nan,0
59,1.18,nan,nan,0
60,1.2,nan,nan,0
61,1.22,nan,nan,0
62,1.24,nan,nan,0
63,1.26,nan,nan,0
64,1.28,nan,nan,0
65,1.3,nan,nan,0
66,1.32,nan,nan,0
67,1.34,nan,nan,0
68,1.36,nan,nan,0
69,1.38,nan,nan,0
70,1.4,nan,nan,0
71,1.42,nan,nan,0
72,1.44,nan,nan,0
73,1.46,nan,nan,0
74,1.48,nan,nan,0
